Scenario Name,Date,Euro area real GDP growth,Euro area inflation,Euro area bilateral dollar exchange rate (USD/euro),Developing Asia real GDP growth,Developing Asia inflation,"Developing Asia bilateral dollar exchange rate (F/USD, index)",Japan real GDP growth,Japan inflation,Japan bilateral dollar exchange rate (yen/USD),U.K. real GDP growth,U.K. inflation,U.K. bilateral dollar exchange rate (USD/pound)
Actual,1976 Q1,6.7,,,,,,3.4,9,299.6,6.9,14.9,1.916
Actual,1976 Q2,5.2,,,,,,2.4,10.1,298,-0.5,9.5,1.785
Actual,1976 Q3,3.4,,,,,,5.7,8.1,286.9,5,13.8,1.66
Actual,1976 Q4,6.6,,,,,,0.5,10.1,293.1,8.7,21.6,1.701
Actual,1977 Q1,1.7,,,,,,9,9.7,277.6,0.3,21.3,1.72
Actual,1977 Q2,0.5,,,,,,2.8,7.6,267.6,-2.7,14,1.72
Actual,1977 Q3,0.3,,,,,,2.8,4.8,263.7,2.6,9.5,1.748
Actual,1977 Q4,4.9,,,,,,5.5,3.6,240,7,8.3,1.917
Actual,1978 Q1,2.6,,,,,,7.8,3,229.9,3.8,6.3,1.862
Actual,1978 Q2,4.6,,,,,,3.9,4.9,203.7,4.7,6.9,1.861
Actual,1978 Q3,1.9,,,,,,5.3,6.1,189.2,5.6,9.3,1.975
Actual,1978 Q4,4.8,,,,,,5.9,1,194.3,3.6,9.8,2.042
Actual,1979 Q1,2.1,,,,,,6.1,0.6,209.6,-1.2,13.1,2.063
Actual,1979 Q2,6.6,,,,,,7.5,6,217.8,18.6,10.3,2.181
Actual,1979 Q3,2.1,,,,,,3.1,6.3,224.5,-8.5,32.1,2.203
Actual,1979 Q4,3.9,,,,,,1.7,6.8,240.3,4.2,14.4,2.219
Actual,1980 Q1,3.8,,,,,,4.6,9.7,250,-3.9,20.8,2.16
Actual,1980 Q2,-1.9,,,,,,-1.8,9.9,219.9,-7.6,19.5,2.356
Actual,1980 Q3,-0.2,,,,,,8.7,6.4,210.9,-0.4,11,2.387
Actual,1980 Q4,0.2,,,,,,8.1,4.6,203.1,-4,10,2.389
Actual,1981 Q1,0.4,,,,,,3.5,5.5,211.3,-0.3,10.8,2.233
Actual,1981 Q2,1.2,,,,,,3.8,3.4,226.9,1.3,15.3,1.93
Actual,1981 Q3,1.1,,,,,,1.9,3.5,232.3,4.7,9.2,1.803
Actual,1981 Q4,0.9,,,,,,2,3.9,219.8,0.5,12.2,1.915
Actual,1982 Q1,1.7,,,,,,5.7,1.9,248.3,0.6,8,1.781
Actual,1982 Q2,0.5,,,,,,2.6,1.4,255,4.2,7.8,1.736
Actual,1982 Q3,-2.1,,,,,,1.6,4,268.3,0.9,4.3,1.695
Actual,1982 Q4,0.2,,,,,,5.8,2.5,234.7,2.8,4.4,1.618
Actual,1983 Q1,2.7,,,,,,2.9,0.3,239,8.1,3.4,1.483
Actual,1983 Q2,2.6,,,,,,3.1,2.4,239.3,2.8,3,1.533
Actual,1983 Q3,1,,,,,,5.5,0.5,235.7,4.7,8,1.498
Actual,1983 Q4,4.4,,,,,,2.9,3.4,231.7,3,5.6,1.452
Actual,1984 Q1,3.5,,,,,,3.8,3.5,224.8,3.5,3.7,1.438
Actual,1984 Q2,-1.9,,,,,,8.6,1,237.3,-3.9,3.4,1.358
Actual,1984 Q3,4.2,,,,,,3,1.1,246.9,3,6.1,1.234
Actual,1984 Q4,2.1,,,,,,1.5,3.6,251.6,7.5,6.1,1.158
Actual,1985 Q1,0.9,,,,,,5.5,2.4,251,4,6.3,1.236
Actual,1985 Q2,3.9,,,,,,7.7,1.4,248.4,8.8,9.6,1.31
Actual,1985 Q3,3.4,,,,,,6.1,1.8,216.5,-0.1,3.6,1.409
Actual,1985 Q4,2.4,,,,,,6.5,1.1,200.3,0.3,2.5,1.445
Actual,1986 Q1,-1.4,,,,,,0.2,2.1,177.6,4.2,4,1.474
Actual,1986 Q2,7.5,,,,,,1.2,-1.6,163.8,3.6,1,1.532
Actual,1986 Q3,2,,,,,,2.8,-0.6,154.4,2.6,3.2,1.447
Actual,1986 Q4,1,,,,,,4.7,-0.8,158.3,8,5.7,1.483
Actual,1987 Q1,-1.9,,,,,,1.4,0,145.7,2.9,6.1,1.607
Actual,1987 Q2,6.9,,,,,,7.1,1.9,146.8,6.1,1.9,1.613
Actual,1987 Q3,4.4,,,,,,7.5,0.6,146.5,10.3,3.8,1.625
Actual,1987 Q4,5.2,,,,,,10.6,0.5,121.3,4.7,4.7,1.886
Actual,1988 Q1,2.2,,,,,,6.3,0,124.1,6.7,2.8,1.887
Actual,1988 Q2,3.7,,,,,,3,-0.3,133.5,2.2,2.8,1.709
Actual,1988 Q3,5,,,,,,7.6,2.4,133.9,5.1,5.8,1.691
Actual,1988 Q4,3.8,,,,,,4.5,2.1,125.1,3.3,5.1,1.809
Actual,1989 Q1,4.8,,,,,,9.8,0.2,132.8,2,6.2,1.685
Actual,1989 Q2,3.9,,,,,,-4.7,6.4,144,2.5,4,1.549
Actual,1989 Q3,2.4,,,,,,6.4,2.5,139.6,0.7,5.2,1.615
Actual,1989 Q4,4.2,,,,,,11.4,1.5,143.8,-0.1,6.7,1.615
Actual,1990 Q1,5.5,,,,,,-2.1,3.9,157.8,2.1,7.6,1.648
Actual,1990 Q2,1.8,3.1,,,,,10.2,2.4,152.4,2.7,7.4,1.745
Actual,1990 Q3,3.8,3.7,,,,,8.4,2.6,138.3,-4.3,8.5,1.874
Actual,1990 Q4,2.3,5.7,,,,,-0.3,5.6,135.8,-2,7.9,1.929
Actual,1991 Q1,2.8,3.5,,,,,4.4,4.2,140.6,-2,4.1,1.749
Actual,1991 Q2,1.2,3.5,,,,,3.5,1.3,137.9,-0.5,13,1.618
Actual,1991 Q3,-0.1,5.2,,,,,0,1.7,132.9,-0.8,6.2,1.752
Actual,1991 Q4,3.9,4,,,,,3.1,4.1,124.9,0.5,5.1,1.866
Actual,1992 Q1,6.2,3.3,,,,,-0.6,0.3,132.9,0,3.7,1.736
Actual,1992 Q2,-3,3.7,,,,,1.2,3.2,125.9,-0.6,2.3,1.904
Actual,1992 Q3,-1.1,2.5,,,,,1.5,-0.3,120,1.9,1.6,1.779
Actual,1992 Q4,-0.8,3,,,,,-2.4,0.9,124.9,3.1,3.1,1.513
Actual,1993 Q1,-2.7,4,,,,,2,1.4,114.9,2.1,2.1,1.509
Actual,1993 Q2,0.3,3,,,,,-3.3,1.4,106.8,1.8,3.2,1.493
Actual,1993 Q3,1.7,3.1,,,,,-1.8,3.3,106.1,3.7,3.1,1.496
Actual,1993 Q4,1.1,2.8,,,,,1.6,-1.8,111.7,2.8,1.4,1.478
Actual,1994 Q1,3.8,2.8,,,,,4.8,2,102.4,4.1,1.9,1.488
Actual,1994 Q2,2.5,2.3,,,,,-3,-0.3,98.5,3.7,1.9,1.548
Actual,1994 Q3,2.7,2.7,,,,,4.1,0,99.1,4.1,1.8,1.577
Actual,1994 Q4,3.2,2.3,,,,,-1.5,1.5,99.6,1.7,1.6,1.567
Actual,1995 Q1,2.2,2.5,,,,,3.9,-0.4,86.9,2.1,4.3,1.619
Actual,1995 Q2,3.2,2.6,,,,,3.7,-1.2,84.8,0.9,2.4,1.591
Actual,1995 Q3,1,2,,,,,4.7,0.3,99.1,4.6,2.8,1.58
Actual,1995 Q4,0.9,2.3,,,,,1,-0.8,103.3,1.3,1.8,1.554
Actual,1996 Q1,0.7,1.9,,,,,3.8,0.6,107,2.9,3.4,1.526
Actual,1996 Q2,3.2,2.3,,,,,4.4,0.6,109.5,1.3,1.9,1.553
Actual,1996 Q3,1.9,1,,6.5,5.9,89.3,0.7,0.6,111.7,3.6,2,1.565
Actual,1996 Q4,2.2,1.8,,10.2,4.3,90,4.4,0.4,115.8,5.5,2.4,1.712
Actual,1997 Q1,1.2,2.3,,5.7,3.2,91.3,2.7,1,123.7,6.6,1.5,1.645
Actual,1997 Q2,4.9,0.3,,8.5,2.8,91.2,-2.8,6.1,114.6,4.5,0.8,1.665
Actual,1997 Q3,3.2,2,,4.4,3,92.3,0.6,1.1,120.7,3.6,3.1,1.612
Actual,1997 Q4,4.3,1.6,,5.8,2.2,110.7,0,0.4,130.5,6,1.7,1.643
Actual,1998 Q1,2.9,0.7,,-1.8,8.2,103.3,-6.2,0.3,133.3,2.9,0.7,1.677
Actual,1998 Q2,1.6,1,,4.3,1.6,105.5,-2.2,-0.3,138.3,2.3,1.9,1.67
Actual,1998 Q3,2.1,1.2,,7.3,3.3,105.8,0.5,-1.1,136.6,0.6,1.2,1.7
Actual,1998 Q4,1.2,0.4,,9.9,2.6,101.9,3.5,3.3,113.1,2.6,1.7,1.663
Actual,1999 Q1,4.1,0.8,1.081,6,-3,102.8,-5.7,-2.3,118.4,2.8,1.6,1.614
Actual,1999 Q2,1.9,1.4,1.031,9.8,-1.6,101.6,2,-0.7,120.9,1.5,1.2,1.577
Actual,1999 Q3,5.3,2,1.064,8.3,1.3,102.6,2.2,-0.4,106.8,6.9,0.4,1.646
Actual,1999 Q4,4.3,1.8,1.007,10.4,2.3,100.9,-0.2,-0.8,102.2,6.6,1.3,1.615
Actual,2000 Q1,5.2,2.6,0.957,7.5,1.5,100,7.7,-0.5,102.7,5.4,0.3,1.592
Actual,2000 Q2,3.7,0.9,0.955,7.1,-0.3,100.7,2.5,-1.1,106.1,2.9,0.5,1.513
Actual,2000 Q3,2.7,3.4,0.884,7.8,2.3,101.4,-0.2,-0.4,107.9,2.5,1,1.479
Actual,2000 Q4,1.9,2.8,0.939,3.7,2.5,105.2,4.2,-1,114.4,2.4,1.9,1.496
Actual,2001 Q1,4.5,1.2,0.879,4.5,1.7,106.1,2.4,0.7,125.5,3.4,-0.1,1.419
Actual,2001 Q2,0.2,4,0.847,5.5,2.1,106.2,-3,-1.9,124.7,1.7,3.2,1.408
Actual,2001 Q3,0.9,1.5,0.91,4.9,1.3,106.5,-4.6,-0.7,119.2,1.9,1,1.469
Actual,2001 Q4,-0.2,1.7,0.89,8.3,0,107,-0.9,-1.8,131,1.1,-0.1,1.454
Actual,2002 Q1,0.9,3.1,0.872,8.1,0.5,107.4,1,-1.2,132.7,1.2,2,1.425
Actual,2002 Q2,1.9,2,0.986,8.2,1.1,104.8,2.9,0.3,119.9,2.1,0.9,1.525
Actual,2002 Q3,1.8,1.6,0.988,7.2,1.5,105.5,1.2,-0.4,121.7,2.4,1.3,1.57
Actual,2002 Q4,0.8,2.3,1.049,6.6,0.8,104.5,0.9,-0.8,118.8,2.7,1.9,1.61
Actual,2003 Q1,-1.1,3.3,1.09,6.8,3.6,105.5,-0.5,0,118.1,3.4,1.7,1.579
Actual,2003 Q2,0.2,0.5,1.15,2.1,1.1,104,3.3,0.3,119.9,3.8,0.2,1.653
Actual,2003 Q3,2.6,2.1,1.165,14.2,0.1,102.6,1.2,-0.7,111.4,4.2,1.7,1.662
Actual,2003 Q4,2.6,2.3,1.26,12.8,5.5,103.4,4.1,-0.7,107.1,3.2,1.7,1.784
Actual,2004 Q1,2.1,2.2,1.229,5.9,4,101.4,3.5,0.6,104.2,1.3,1.4,1.84
Actual,2004 Q2,2.5,2.6,1.218,7.2,4.1,102.8,-0.3,-0.3,109.4,1.9,0.8,1.813
Actual,2004 Q3,0.9,2,1.242,8,4.1,102.7,2.2,-0.1,110.2,1.4,1.1,1.809
Actual,2004 Q4,1.8,2.4,1.354,6.4,0.8,98.8,-1.5,2,102.7,1.8,2.4,1.916
Actual,2005 Q1,1.1,1.4,1.297,10.9,2.9,98.5,2.5,-1.2,107.2,3.1,2.6,1.889
Actual,2005 Q2,2.5,2.2,1.21,8.5,1.5,98.9,3.9,-1,110.9,3.4,1.8,1.793
Actual,2005 Q3,3,3.1,1.206,9.3,2.4,98.5,3.7,-1.1,113.3,3.7,2.8,1.77
Actual,2005 Q4,2.8,2.5,1.184,11.5,1.6,98,1.1,0.4,117.9,4.3,1.4,1.719
Actual,2006 Q1,3.8,1.7,1.214,10.9,2.4,96.6,0.3,1.1,117.5,1.4,1.9,1.739
Actual,2006 Q2,4.5,2.5,1.278,7,3.2,96.5,1.1,0.4,114.5,1.1,3,1.849
Actual,2006 Q3,2.2,2,1.269,10.3,2.2,96.2,-0.1,0.4,118,0.6,3.3,1.872
Actual,2006 Q4,4.8,0.9,1.32,11.2,3.6,94.4,5.5,-0.6,119,1.4,2.6,1.959
Actual,2007 Q1,2.8,2.3,1.337,13.6,3.6,93.8,2.9,-0.7,117.6,4.5,2.5,1.969
Actual,2007 Q2,2.7,2.3,1.352,10.6,4.9,91.8,0.6,0.4,123.4,3.8,1.8,2.006
Actual,2007 Q3,1.6,2.1,1.422,8.8,7.6,90.5,-2.6,0.3,115,3.8,0.3,2.039
Actual,2007 Q4,2,4.9,1.46,12.9,5.9,89.3,2.3,2,111.7,3.4,4,1.984
Actual,2008 Q1,2.6,4.2,1.581,7.2,8.1,88,0.8,1.4,99.9,1.5,3.4,1.986
Actual,2008 Q2,-1.9,3.2,1.575,6,6.3,88.7,-1.9,1.7,106.2,-2.1,5.8,1.991
Actual,2008 Q3,-2.2,3.2,1.408,2.9,3,91.6,-4.4,3.8,105.9,-6.4,5.9,1.78
Actual,2008 Q4,-6.7,-1.4,1.392,0.5,-1.1,92.3,-9.2,-2.4,90.8,-8.2,0.4,1.462
Actual,2009 Q1,-11.7,-1,1.326,4.2,-1.4,94.3,-16.6,-3.5,99.2,-7.8,-0.2,1.43
Actual,2009 Q2,0,0,1.402,15.1,2.3,92.3,4.5,-1.5,96.4,-1.2,2.3,1.645
Actual,2009 Q3,1.4,1.1,1.463,12.7,4,91.3,-2.6,-1.5,89.5,0.5,3.6,1.6
Actual,2009 Q4,1.8,1.6,1.433,9.6,4.9,90.7,6.6,-1.4,93.1,1.3,2.8,1.617
Actual,2010 Q1,1.6,1.8,1.353,9.8,4.4,89.8,5.1,1,93.4,3.4,4.2,1.519
Actual,2010 Q2,3.8,1.9,1.229,9.3,3.4,91.1,5.6,-1.4,88.5,4.6,3.3,1.495
Actual,2010 Q3,1.8,1.6,1.36,8.8,4.2,88.4,7.1,-2,83.5,2.4,2.2,1.573
Actual,2010 Q4,2.4,2.6,1.327,9.6,7.5,87.4,-3.4,1.4,81.7,0.2,3.9,1.539
Actual,2011 Q1,3.9,3.7,1.418,9.3,6.2,86.4,-5.6,-0.4,82.8,0.7,7,1.605
Actual,2011 Q2,0,3.1,1.452,6.8,5.4,85.3,-2.5,-0.7,80.6,-0.2,4.6,1.607
Actual,2011 Q3,0.1,1.3,1.345,5.6,5.3,87.4,9.9,0.4,77,0.7,3.5,1.562
Actual,2011 Q4,-1.2,3.5,1.297,6.6,3,87.3,0.1,-0.6,77,0.3,3.4,1.554
Actual,2012 Q1,-1,2.9,1.333,7.6,3.1,86.3,6.2,2.3,82.4,3.8,2.3,1.599
Actual,2012 Q2,-1.4,2.2,1.267,5.7,3.9,88.1,-3.7,-1.4,79.8,-0.2,1.9,1.569
Actual,2012 Q3,-0.5,1.5,1.286,6.6,2.2,86.2,-1.6,-2,77.9,4.2,2.1,1.613
Actual,2012 Q4,-1.7,2.5,1.319,7.3,3.4,85.9,-0.2,0.1,86.6,-0.6,4.2,1.626
Actual,2013 Q1,-1.3,1.3,1.282,6.6,4.5,86.2,5.2,0.6,94.2,1.1,3,1.519
Actual,2013 Q2,2.7,0.2,1.301,6.2,2.8,87.1,4.2,0,99.2,2.7,1.5,1.521
Actual,2013 Q3,1.2,1.1,1.354,7.8,3.6,86.5,3.8,2.7,98.3,3.1,2.1,1.618
Actual,2013 Q4,0.8,0.5,1.378,6.9,3.8,85.7,-0.6,2.4,105.3,2.7,1.7,1.657
Actual,2014 Q1,1.9,0.9,1.378,6.3,1.4,86.8,4.2,1,103,3.2,1.8,1.668
Actual,2014 Q2,0.9,-0.4,1.369,7.4,2.6,86.5,-5.6,8.3,101.3,3.8,1.4,1.711
Actual,2014 Q3,2,0.1,1.263,6.5,2.4,86.9,0.8,1.9,109.7,3.3,0.8,1.622
Actual,2014 Q4,1.5,0,1.21,5.9,0.9,88,2.3,-0.8,119.9,2.7,-0.3,1.558
Actual,2015 Q1,3.1,-0.8,1.074,6.3,0.9,88,6.6,0.1,120,1.2,-1.3,1.485
Actual,2015 Q2,1.7,2.4,1.115,6.8,2.8,88.3,0.3,1.1,122.1,1.8,0.8,1.573
Actual,2015 Q3,1.7,-0.2,1.116,6.5,2.7,91,0.6,0.3,119.8,1.6,0.7,1.512
Actual,2015 Q4,2,-0.4,1.086,5.7,1.1,92.1,-0.8,-0.8,120.3,2.4,0,1.475
Actual,2016 Q1,1.9,-1.4,1.139,6.7,3,91.7,3.5,-0.5,112.4,2,0,1.438
Actual,2016 Q2,0.8,1.5,1.103,6.9,2.9,94.1,-1.4,0,102.8,3,0.7,1.324
Actual,2016 Q3,1.9,1.3,1.124,6.6,1.2,93.6,0.9,-0.4,101.2,1.8,2,1.302
Actual,2016 Q4,3.1,1.7,1.055,5.9,1.6,97.5,0.1,2.2,116.8,2.5,2.1,1.234
Actual,2017 Q1,3.3,2.6,1.07,6.3,1.3,95.1,2.9,-0.7,111.4,3.9,3.8,1.254
Actual,2017 Q2,2.7,0.5,1.141,6.7,2.2,94.6,1.3,0.7,112.4,3.5,3.1,1.3
Actual,2017 Q3,3,1.1,1.181,5.8,2.3,93.6,4.6,0.4,112.6,2.7,2.2,1.34
Actual,2017 Q4,3.3,1.7,1.202,6.1,2.5,91,0.6,1.8,112.7,3,3.1,1.353
Actual,2018 Q1,0.2,1.8,1.232,8.5,2.5,89,-0.7,2,106.2,0.3,2.5,1.403
Actual,2018 Q2,2.1,2.3,1.168,6.4,1.9,93.4,2.6,-1.3,110.7,0.9,1.8,1.32
Actual,2018 Q3,0.3,2.8,1.162,2.9,2.9,97.1,-1.9,2,113.5,1.3,2.6,1.305
Actual,2018 Q4,2.2,1,1.146,5.3,1.2,96.1,0.3,0.7,109.7,0.5,2.1,1.276
Actual,2019 Q1,2.9,-0.4,1.123,8.3,1.1,94.4,0.5,-0.4,110.7,2,1,1.303
Actual,2019 Q2,1.5,2.3,1.137,6.5,4.9,96.3,1.6,1.1,107.8,0.9,2.3,1.27
Actual,2019 Q3,0.8,1,1.091,0.6,3.4,99.7,0.2,0.1,108.1,2.2,1.9,1.231
Actual,2019 Q4,-0.4,1.3,1.123,4.1,6.7,97.8,-11,1.3,108.7,0,0.4,1.327
Actual,2020 Q1,-12.4,-0.3,1.102,-23.6,3.7,101.5,1.5,0,107.5,-10.5,2.2,1.245
Actual,2020 Q2,-37.6,-1.1,1.124,36.7,-2.1,97.4,-25.9,-0.9,107.8,-58.8,-2.2,1.237
Actual,2020 Q3,54.8,0.1,1.172,20.1,1.8,95.6,21.5,-0.4,105.6,87.2,2.1,1.292
Actual,2020 Q4,1.5,0.3,1.223,13.4,0.2,92.7,6.8,-2.4,103.2,5.6,0.2,1.366
Actual,2021 Q1,3.2,4.8,1.174,5.4,3.2,93.5,4.3,1.6,110.6,-4.2,2.7,1.38
Actual,2021 Q2,9,2.3,1.185,5.4,1.9,91.5,3,-1.7,111.1,31,3,1.381
Actual,2021 Q3,7.2,4,1.158,1.9,0.6,92.7,-0.6,1.9,111.5,6.9,5.3,1.347
Actual,2021 Q4,3.3,7.6,1.132,7.6,3.8,92.2,4.8,0.3,115.2,5.6,8.8,1.35
Actual,2022 Q1,3,10.8,1.109,3,2.2,92.8,-1.5,3.1,121.4,4.1,8,1.315
Actual,2022 Q2,3.8,10.1,1.047,-0.8,6.2,98.1,4,4.3,135.7,2.3,14.4,1.216
Actual,2022 Q3,1.8,8.8,0.978,7.4,1.6,103.6,-1.4,3.7,144.7,0.4,9.1,1.113
Actual,2022 Q4,-0.2,10.2,1.07,3.2,1.1,101.1,1.7,4.2,131.8,1,11.7,1.208
Actual,2023 Q1,-0.1,3,1.087,7.5,0.4,100.5,2.9,2.5,132.8,0.2,5.8,1.237
Actual,2023 Q2,0.8,3.1,1.092,7.2,1,104.8,1.1,3.1,144.5,0.2,7,1.271
Actual,2023 Q3,-0.1,3.6,1.058,4.2,2,106.5,-5.3,2.8,149.4,-1,2.6,1.221
Actual,2023 Q4,0.2,1.3,1.106,4.5,0.2,104.2,1.8,3.2,140.9,-1.3,1.5,1.274
Actual,2024 Q1,1.1,2.4,1.079,5.7,1.2,105.9,-2.1,1.1,151.2,3.3,3.2,1.264
Actual,2024 Q2,0.9,2.7,1.071,4.3,1.5,106.7,1,3.8,160.9,2.4,0.9,1.264
Actual,2024 Q3,1.8,2.1,1.115,3.9,1.9,104.1,2.7,3.1,143.3,0.9,2.6,1.34
Actual,2024 Q4,1.5,1.7,1.035,6.7,0.2,108.6,1.4,3.7,157.4,1.1,3.3,1.252
Actual,2025 Q1,2.3,2.9,1.08,6,-0.7,108.1,1.5,4.4,149.9,2.7,4.4,1.29
Actual,2025 Q2,0.6,1.5,1.177,4.5,1.1,106.4,2.1,2.2,144.2,0.9,3.5,1.372
Actual,2025 Q3,1.1,2.3,1.174,4.1,0.5,107.2,-2.3,1.2,148,0.4,3.9,1.344
Actual,2025 Q4,0.5,1.6,1.174,3.7,1,106.8,0.6,2.1,156.8,0.7,2.8,1.345
